sha1,project
00478fba0523aecac94ae54697b59ee53eb6b0c3,gavinsimpson_permute
012a235fcc11c23b3a8dcd50c2a0d6fec5848826,gavinsimpson_permute
0154494e41f1dad33d36878e9460fd95559c6efc,gavinsimpson_permute
01b10a941c867405ac19ae289f454f6527b45e5a,gavinsimpson_permute
02e38bc62280f26706f2d6a6d1d5a0d37d42b486,gavinsimpson_permute
02e9533b455f3b14f4a685295a6e7ee57539825c,gavinsimpson_permute
037910b0e13b474264f54f9f4d4e4d3065d0ba0d,gavinsimpson_permute
039d729070370bbdecf18c19c11cb75e0780f1dc,gavinsimpson_permute
03d0630f59ef0f41d903bbe30dd3447102f3fc2b,gavinsimpson_permute
041a0fa24ac0dcffd33c8f7f1278772281a499e1,gavinsimpson_permute
042a1d5481c22bdb30ef2d5d9a9b412bb2629e94,gavinsimpson_permute
042dfd191a67b419e2286a4a8ced7af6a0abfad6,gavinsimpson_permute
05572706e5e1db1e38f65e121d6fa7c9127b4f14,gavinsimpson_permute
05b5255fba10faf14659fe2b55c1f1d6ef44c2b0,gavinsimpson_permute
05baa15fa72a396370788e17584836f2163d9a5c,gavinsimpson_permute
05bb1570b2cc22c6506e2fd01489e423137eb142,gavinsimpson_permute
065e3ab7c6030d8e1bd58714d29dbcef5e136cdb,gavinsimpson_permute
0677e941b75e155efafb1a0e42e41f8ab3fb8900,gavinsimpson_permute
06e06123b15ac6eb0a5f30550e456dbdfec377f1,gavinsimpson_permute
06e9fcb5349583024214324547aa9a086399a30f,gavinsimpson_permute
073d9b65ac6bf6b2f9d188d021e07ed9a6a17965,gavinsimpson_permute
07fc22797a4bcc8ba123901365b38e5895fb69f8,gavinsimpson_permute
087789e1ec83cd775477e842db27b664f2611779,gavinsimpson_permute
08852a44d319e5011fef6d98297c1133441423bb,gavinsimpson_permute
08b2ef2a30dd4a58db30145640e035983549d468,gavinsimpson_permute
08c3cbc70d742f9859b7a7fa9b07bb4c6d19f788,gavinsimpson_permute
08f974cfa2ae44d66e90c5a0c7729798d3db78ab,gavinsimpson_permute
095bdbbb55a2075dd2cd682f3d23cd55aef5d24f,gavinsimpson_permute
09ca43296ffd2ae3e982b0cf391a50eefd916316,gavinsimpson_permute
09d2e9762703a26b46ba20645b10f35d14da108b,gavinsimpson_permute
09dc9ea730d8edc0662f04be3cf244416c0f844c,gavinsimpson_permute
0a53b6a76152b6360c11de069c823d150d1bb5c2,gavinsimpson_permute
0aaa3b48dc5584eb097bd315ef9f676a32ffca8f,gavinsimpson_permute
0b01fa82068caaab02c70e9442064f77769abcc7,gavinsimpson_permute
0b3008a470c4c1570c26951e192fbb69eec86cb0,gavinsimpson_permute
0c2d0c96f2143616a0e484d395eb3319a5a5bbc4,gavinsimpson_permute
0c603b55163be1d0477f22170b0a7f97ac26928d,gavinsimpson_permute
0cc78026bd257615ca0cb3387a309791da4b0f08,gavinsimpson_permute
0d082ac560e70ba45586160d39746017ee2e4109,gavinsimpson_permute
0d1f8a34a74d3056a98e9213dd6b25d105bf3b9c,gavinsimpson_permute
0d230d9aff3daa1052c23dc876f417ac14349e09,gavinsimpson_permute
0ddeaf21134f4e4e60176b214a5e71a724ea649b,gavinsimpson_permute
0ee1283b6863fc81665253e930027db79d6010ad,gavinsimpson_permute
106c9b3a95051a60f741ec3b5b8c474308402cd9,gavinsimpson_permute
1081e4527a2be0546951c329d4f340faf1ea3876,gavinsimpson_permute
109b287c04832a3577ca37de03d32d8425c0358d,gavinsimpson_permute
115d15e28ed040cf875168495b05ac78b90d1ae0,gavinsimpson_permute
117566e44de76acdcfe71a9da2ae3caf5bb299dd,gavinsimpson_permute
12f5f3310bd74c65da035174aebec61555d93627,gavinsimpson_permute
13436c29cf261a08202919111d842a39d55a9f3f,gavinsimpson_permute
16d3690ada94210063378b1620c139efc41979a1,gavinsimpson_permute
17751bea19cc711243c022b65fc65e77e340c246,gavinsimpson_permute
17bcb6155a330f94c4bc4aa0340fa4c05055e255,gavinsimpson_permute
181912860b391b2dd3e2dead21177f91ffa8612e,gavinsimpson_permute
1836d4880143ecb56448229d82ae0942eddebbcb,gavinsimpson_permute
183867c199622caef0d74d5ae46fa7d8159cda94,gavinsimpson_permute
184769830fedd755dca32f71ad4baeaeaee629ae,gavinsimpson_permute
18be80ca44f7c3a0ddec637e831ad600d7c16feb,gavinsimpson_permute
191d03ec5ffef85e0eeeb470d9a90ec39d3f0ab6,gavinsimpson_permute
19ae572c7cad4a563c04fc8004e03587d3b701e3,gavinsimpson_permute
1a1a3cd17aa27d3bd34bbfc630bbe3b270fc9a34,gavinsimpson_permute
1a709a7b6bdd7db68ce88ebe74301e0e6cf9ec0b,gavinsimpson_permute
1b4d575e439aa0594927ead43a6c60665511f740,gavinsimpson_permute
1b5058341a3fee2f9751e4e29e87f4d7b89417ed,gavinsimpson_permute
1b635732bf4db3a8aa6fa272880b1334e932ae1e,gavinsimpson_permute
1b8fcfc58f7767da55e0f53cdc840df84b5c1e8a,gavinsimpson_permute
1bb3b97a0debc87cfe7bdd6d652a7127d078574b,gavinsimpson_permute
1c6cfec67f5da62ee31f112daf8079d71d43168b,gavinsimpson_permute
1cd2cd285348fe0b8670da7109bb0331f7f63ffe,gavinsimpson_permute
1d08019150955eb458b7cecb63657d43975aa6d1,gavinsimpson_permute
1e010403ecceff7c637cda0efe93969dadad4cca,gavinsimpson_permute
1e74ed7f15dced886c073fd81949f7700b6042e4,gavinsimpson_permute
1ee2056757dfe214362795cac7ba210f3393a1c6,gavinsimpson_permute
1f3f6875e0485eedff54a3e63beb5a36efbe875d,gavinsimpson_permute
1f58cb4e052326a65e9bba6a64d00f136a7d8677,gavinsimpson_permute
2030f6f511d5fd183b1c304effcec1b874163dfe,gavinsimpson_permute
20faf3f8ef9a9d0fe536849656bdb2c5183f93ff,gavinsimpson_permute
21266ca6f6958ccde5745222fe259f1da2056272,gavinsimpson_permute
21e51b987cf52db0f897a542e32aeb9d84ddbcf6,gavinsimpson_permute
2231740354f722de6bc29652a694280a14f45731,gavinsimpson_permute
2253f64b858295bfbe4aee86a5c2cd28c71040d6,gavinsimpson_permute
22c9976f832ebb5edb6113e078b069a4b6b1ce01,gavinsimpson_permute
22e7863d67d91f5360308e3d8b855830e5d5202f,gavinsimpson_permute
234b08126dd4e63a7fbac27a8c0ccc8752cccdbf,gavinsimpson_permute
243a3685ec5cc41e4c709b5e52b1a8051439ce64,gavinsimpson_permute
246fa631eb211afbc4c875d08c04dbf7fdc22c3b,gavinsimpson_permute
247e6249fafd5c022b36d6e47ec300319cf0eb57,gavinsimpson_permute
249e2e2385784b324f48b04da573e4f66e556330,gavinsimpson_permute
25838b6049b2f507a406bbaaf94ddfcd76fb47c9,gavinsimpson_permute
25c041a3a6c93b8fd0e7914389b4e6c53a04383c,gavinsimpson_permute
26019baab1f1884a80cc928254aeea9e830e9510,gavinsimpson_permute
263f388b83026212487fa27d2eeff0b6400aec9b,gavinsimpson_permute
264090fe61f5a10ff319eb1a72401dfcbf111795,gavinsimpson_permute
26952d46d8b1433917b399c1bc3afa445db6df45,gavinsimpson_permute
28cbc73c69b31eaccb5932bbb819a0b06506afc2,gavinsimpson_permute
2968c330921368938791dab40227f7b377f3e33e,gavinsimpson_permute
298de2f221ac2061eb892319e9682427d1dcd17e,gavinsimpson_permute
29a3ba499db8a950627ba3df265c3d226143c35e,gavinsimpson_permute
29acdca3958c456dc75eccbc72a47ffa2df76082,gavinsimpson_permute
29ade53541178a1f1fa576e8caae90e9cea1702c,gavinsimpson_permute
29da64c3249b0a6fa5880eda00a7b519410a0d5e,gavinsimpson_permute
2a3da8a3087d73768f1291e3270b384c8c7dcbcb,gavinsimpson_permute
2a99ceb0a2fdd038a956d4ccbec9e79822737607,gavinsimpson_permute
2aa621a63d07ecfad09c174478bedb320505cc7f,gavinsimpson_permute
2af893708057b3aa3a19ff3685451771d2beb9c4,gavinsimpson_permute
2b316096f241d9c88a6ac4f4c615e507104960b5,gavinsimpson_permute
2baf8983e458829d394533213c31f359ea39e130,gavinsimpson_permute
2be8005f7a44cf351690c81779355c5f512273ec,gavinsimpson_permute
2c778f94a8fb3eda928f58566583b9e54d35355e,gavinsimpson_permute
2cc3f7607c3ec1918c0865cdc468b02667e796e0,gavinsimpson_permute
2dab407f734d29fe305452ea9897b3c6e666780e,gavinsimpson_permute
2dd0761d476fc2338ae0d9430b6defc88456256e,gavinsimpson_permute
2e4954db7f80508975a4955e3f67b4e2de916b94,gavinsimpson_permute
2f1b616102cf197cf22a5ff075c21ebe935e33d3,gavinsimpson_permute
2f9e5622b4c68f48f49abeed6c3d98a2df8053d1,gavinsimpson_permute
30066a1150df5f7cafb346814e1dd643f2d222ec,gavinsimpson_permute
30737ddfcf142b7ccefe35570e5bfbddba42b64a,gavinsimpson_permute
30a98b32c9733b17e49fe83a2b1825ba59dcf4d2,gavinsimpson_permute
30ede694429d4dbf36a25204fdb55eb7aab23051,gavinsimpson_permute
323ccddaf7d4a35fcafc859153f7478e61621da7,gavinsimpson_permute
324e394c01db0d5accbf464e818b20bb12752615,gavinsimpson_permute
32ac55c3de2e0ca45dbb02c0014495181437c3e2,gavinsimpson_permute
32b20d4fa04a87224e2799dc30e928b9009d0bad,gavinsimpson_permute
3313bfeb16fb4697b63b4d687237a27acb8cb927,gavinsimpson_permute
33402f261098c8b379a410cceddcb43e3e033156,gavinsimpson_permute
33494e149ed658efc7e1e4da141d98179dd8c47d,gavinsimpson_permute
33815479cb9ab1494c2a569e652e626d827cffdc,gavinsimpson_permute
34024851a3a2cf8279d450b677015708af96739e,gavinsimpson_permute
34e1da0f9fffa36c69d8f27ddbf916aafef077a3,gavinsimpson_permute
351b1f4b15348808645fbb9f98a765b4cea9c514,gavinsimpson_permute
352f6ca51e2d7ad9d2558040882df4da0f67f040,gavinsimpson_permute
365be0ffdedbe05f663f356f433edf5b3ae9d28e,gavinsimpson_permute
3716a105e68445b9b5b95b5df975781859d240e2,gavinsimpson_permute
385ee82ade503782d487ce2cb5c04847bd4a6c85,gavinsimpson_permute
39281aa5df71f6dcea60571ae8f55acd2e276047,gavinsimpson_permute
393790c30a6a78b29d97d63db87d0ec4847e1996,gavinsimpson_permute
39b40b44e9f0e98f834570a2311aea6ca790a951,gavinsimpson_permute
3a02e68bbeebdd86fc52f6acd2aca033640360cd,gavinsimpson_permute
3ab3138070d8882350907a57c3c874db47c0f225,gavinsimpson_permute
3b285fc9a6ea602f4a11492fb3b016be0d449596,gavinsimpson_permute
3b68239478d5f9a0b1b88aadd95916832620b3b1,gavinsimpson_permute
3bb4dea42b16422b5cedcfee490cfff7cf407634,gavinsimpson_permute
3c05edcae9837b6efd09ff00325d398cc33a44ca,gavinsimpson_permute
3c79f4f17100ab7356f8d779ec0bab9ce573da5f,gavinsimpson_permute
3d8d6d42b6e6f33747c26d394b335caf62da56e8,gavinsimpson_permute
3dc49ff4ffd2af6662de382ddd4cc5a350e3a0ad,gavinsimpson_permute
3e89d09de0a00feed5f8b6b083087f1bbea72184,gavinsimpson_permute
3ea57ba7b69d27ed47306dbf1db675a79cd5fd40,gavinsimpson_permute
3f19d4236c735e560ac8c710c65faf50fcdb2198,gavinsimpson_permute
3fe864e2760fe4bca9ad24c7763a8f1a16ce5d0e,gavinsimpson_permute
40877056d815f6bb372796f3fa5ba2c25d9441d5,gavinsimpson_permute
4137895f4db216a41762fd612dcd5dc7a3c4822b,gavinsimpson_permute
413a0e62264ec1226b6a6be8d04e385db16d69aa,gavinsimpson_permute
4189498b0d30b4ddde94fa7a978ea82558f0d004,gavinsimpson_permute
4198e8561aa234193ebf691e42aa0fd69c0ee720,gavinsimpson_permute
421428d8daebefb7aca6edca3a122c397e204a17,gavinsimpson_permute
42d21ebefe4019f37798456928267cc8c853044f,gavinsimpson_permute
4472362daac3f45f6fe6b580f5804570be3bfed7,gavinsimpson_permute
450443e6ed987ff3173f704ed1ed7ad38b8bf8d2,gavinsimpson_permute
454182935f860e290fe1b692411cf9d644242144,gavinsimpson_permute
456bbe59217a3cf12de948024c34783bbae962b3,gavinsimpson_permute
45bdb954b04f8be43ff24de3044a3834ad1ff0a5,gavinsimpson_permute
46aa3c14887e733ba8dc723211a7b74e13ee592f,gavinsimpson_permute
4773bf07851e7eaa74a24285f966245e6da236a0,gavinsimpson_permute
481f075442c2ee612f753d6e63cda27cb2256e7a,gavinsimpson_permute
48b603cd192ddb0345e4e45434347bfe770d26ac,gavinsimpson_permute
49519468e571548f6debafac5a9d4564a93dd762,gavinsimpson_permute
4956e8538cd5d7ac06e6a6da8fab9d921167535e,gavinsimpson_permute
4956faaea5746139091563b176baa1f793512e53,gavinsimpson_permute
49835ca59d55cf0e9e748f23b453f3fdde5047ab,gavinsimpson_permute
49b5b68f4d68324cbe58501ae82f3e56d2473c0c,gavinsimpson_permute
49c3521212b06495aea047ade1bd6c5b7bb21bc9,gavinsimpson_permute
4a26533c889f357cf298c12eb551ed28a0b2802e,gavinsimpson_permute
4a61cf9e5b1b308a3517953b92c74d01aad60f98,gavinsimpson_permute
4a91bac5e0be790074980b7db3bf65eec86b7c7d,gavinsimpson_permute
4a94e3a81865767661806944d59c020dc9faea16,gavinsimpson_permute
4aa88e84ad216e87c897a6bf3ec4e0f73ab26814,gavinsimpson_permute
4b13fe51c17056a753472da1fcbfd2cf2ec8e873,gavinsimpson_permute
4b432a02a159a1dc958e37acb973f92413c0db4b,gavinsimpson_permute
4b7bf2ea48b1a6d548a3e2ba2def7ea429b87613,gavinsimpson_permute
4c2ef5e124f53ad49a17e81c2c92e4806b73573d,gavinsimpson_permute
4c705ba5faa1041c9165adaa0d4fd4b4bd4b2ea7,gavinsimpson_permute
4c7fd49c566dcdd77a30857270bfd4cb160cfd55,gavinsimpson_permute
4d4b6b672004f25944c2722326764478dc1751e2,gavinsimpson_permute
4d70dbac4b5344f99a953f6c373f24e8f95ccce6,gavinsimpson_permute
4daef93842111e0496f6606c72d56197765e6c7c,gavinsimpson_permute
4dc6ecdfe4969398bd68a1f5e902594f462fffb0,gavinsimpson_permute
4e2edac42b0ae0aec6f9fa9830d97a18fa6f360b,gavinsimpson_permute
4e5cc9fa53746de8a8f13054f38ddf9e2f056a73,gavinsimpson_permute
4e9929276f18c1a2171f7eac6618fb0081496025,gavinsimpson_permute
4f5ad16f05c12b9fb21a5e526ae9a8e07fe0f798,gavinsimpson_permute
4fa3f893b5fcaee6a7407fda0647f4381a7182b7,gavinsimpson_permute
4fc83713eb790ea722084ca13e7f74ef456674b8,gavinsimpson_permute
4ff14895e0008e3e87e521ad9a9d2e678385e114,gavinsimpson_permute
4ff9bf680e43636913f2329cdf3867ef3dbb5f9b,gavinsimpson_permute
5038604bc4e62e06bba8a9e733d33844748c4ae6,gavinsimpson_permute
5083e9ce1ac2e1ec5e3f9eea8fb36ef171ded5ac,gavinsimpson_permute
509c3b9fab481a03ab643e002488702d96ff4793,gavinsimpson_permute
5150e596059fc12e05949af66e0c47249a2f2d67,gavinsimpson_permute
51f596624dfcca626eb357ef2c27d77c622cc862,gavinsimpson_permute
523cbd79637a3cfb464af60e4c1241c092391cdd,gavinsimpson_permute
52a717e2aa565b905d36f88271b9c02ec173a077,gavinsimpson_permute
52c2d944f2993b9147a046b74ba55ad10307657c,gavinsimpson_permute
53767bb24ef4e718ce847b4af6cf5c279b1af617,gavinsimpson_permute
539d9fd4f4681d7b0ffac5ea4c998ac3422905b7,gavinsimpson_permute
547957dacbf1ac0e3d58e9bd5ac3f8be954bc391,gavinsimpson_permute
548649029c521e3d0aa7f961abfedfc81ef7f98a,gavinsimpson_permute
555a0e89d491491f19af218ecfef459fd0c809ad,gavinsimpson_permute
5568fe2cad5dc4ec4e02e78031bb37d626c861b3,gavinsimpson_permute
5578f0565705e3c55ef0a5f416162de18881c8c2,gavinsimpson_permute
5594de6bb8251e2524d630a64fcec312620e00ee,gavinsimpson_permute
562347702f67793d90316327073819a22f29651d,gavinsimpson_permute
574401e33b2e7dc4af03ab7dd8d40f86a75d8078,gavinsimpson_permute
582c8bf7aec2e08897ac450af0fa7ce23c57fbf4,gavinsimpson_permute
58810def45a52c1fa6658ccf84c3620d2cff7981,gavinsimpson_permute
593c83a8f2053dfff4602ae84d5e5a6742c13220,gavinsimpson_permute
59bd11d3ce464de8c124cbb95e89af29428c507a,gavinsimpson_permute
5a7de126c1955f5380d436ba31752331d08da687,gavinsimpson_permute
5b654d84306992baf949d5bbd4eef98784f716d1,gavinsimpson_permute
5ba26b8792e8d582c22dae24cb3b26a7c8bf599f,gavinsimpson_permute
5bae7d866a4e064ac2c524630da78e4693063705,gavinsimpson_permute
5bc7a3b9a1f69052b52835df32a8b292850d456c,gavinsimpson_permute
5bd978bf66c5df51db62de60cab63b762c4f65cf,gavinsimpson_permute
5cd3fff74b42e5ffcf1dcff62938131ff41dea61,gavinsimpson_permute
5ceb037a896a1ee7500c7f7e4ed0ff4da2b07295,gavinsimpson_permute
5d3a1ca01a60367997743954530c9020bcc3d02f,gavinsimpson_permute
5d4d64ba1899e12c9fa956554d114e01419ace45,gavinsimpson_permute
5e546bf3f4cab9605a38f8bb6b6457e792bd4cab,gavinsimpson_permute
5e74294d95ca0f4c944bdcd6282fcafcf8565ac7,gavinsimpson_permute
5ec75842aeab5c08ed6ca69ffcb2dfbd932941be,gavinsimpson_permute
5ed7fa817b816ba5ffb0ac1e6276b5588d26e6a1,gavinsimpson_permute
618084a9bcd9800fa9e6ba3924d0a115ac170516,gavinsimpson_permute
61971a4bddcb6af52ed9d16f91b0856bf68d35ba,gavinsimpson_permute
61b470eb86368b1f6e801e59089aea7de2affcb1,gavinsimpson_permute
61c4381cf656f543683ab3fb57bc233ca5ffd1cc,gavinsimpson_permute
61c852323dc73e5ae5f5ca2574c0f4d493091993,gavinsimpson_permute
61e10e3921433e88d885d1620adb4b389c22fd36,gavinsimpson_permute
62aebc644e4e920fd7f3975b7b8a82f10b819dcc,gavinsimpson_permute
63adeabf14536f9824abc84c63754cb31037de75,gavinsimpson_permute
63f036e523799964929140787dc965bb5c3adcc0,gavinsimpson_permute
6407dcf4007fa32584278cbce5625d9cc5543197,gavinsimpson_permute
6597fd9befd3cb14ea848f25b6b81159c66dc7b6,gavinsimpson_permute
66a399794ce41c25f455c13e254061a72ab6576e,gavinsimpson_permute
66ea0b18c77113536616cbc7be161d275381bc46,gavinsimpson_permute
671e5bf572a71219ac2dad371af434dafaba41ba,gavinsimpson_permute
6768d0181c1bf69fa2f569d683b62fc7a964933e,gavinsimpson_permute
67f31bb1d2c2902a82f96cea3b47a3442356bcec,gavinsimpson_permute
67f626925cfca4ddf1b84791911c108aa4949a3c,gavinsimpson_permute
6816c3bb891cf2e18880139e1d2c121f498cb099,gavinsimpson_permute
686bbb880203867b16696ef0b3e7512ceb619be0,gavinsimpson_permute
688cca6db016e71faf1043909732fd78b87e3657,gavinsimpson_permute
69fd49cda843aa0ae3f442903f86943f690156f2,gavinsimpson_permute
6a7075eec9dfe2c09ad57bf47354dc2a3ac5f8ab,gavinsimpson_permute
6bf94c101436a5ec93b7f4d51cf6947b976c1e3f,gavinsimpson_permute
6c177b92f880cb5daf913be87125c748a8fd2c04,gavinsimpson_permute
6c4079c4b7e860b2a68e613c92f313ee9e3e0b30,gavinsimpson_permute
6cca169ddcf08859b42500c47b77e3f3daf5a296,gavinsimpson_permute
6d9f7e07173122030e460cd4cb126843c1178225,gavinsimpson_permute
6dc3476d6adb5d74d43d81733eeee8f4c88ec4d2,gavinsimpson_permute
6dca111cf647e435edb2cd5960d0bc5a5ecdf203,gavinsimpson_permute
6e534f208be4c797afbc7cbb8dadbca6e7ec6117,gavinsimpson_permute
6f119318b3fa43529433d95f6cedc31f0b5fdb4a,gavinsimpson_permute
6f8cc6c9067528df9d5c64d9da772209bad970aa,gavinsimpson_permute
70bfb0dadac81c2532b6912a91dcb8be5827be0f,gavinsimpson_permute
7178bb7b8aa83a4b8e1f9c0f9b4e3bdad1d18b1b,gavinsimpson_permute
72a5d619a29e33c8950eeac538446390fcdb5e10,gavinsimpson_permute
73999c61538039185e003b8b3491d37a394d713e,gavinsimpson_permute
74254c444b06c24d45cdf444737f1ccd07aa8438,gavinsimpson_permute
749e301f996837ab1b26d7bfd04a8bfb3a2bbee9,gavinsimpson_permute
74a65e276075ef84b94b9f40744dc1ca52b7aabd,gavinsimpson_permute
750da17cb6ebf841a117adc2f134fef4fc46cd83,gavinsimpson_permute
755cacdcf79edcb7b6e0c46e6b97eeb1b51b0f83,gavinsimpson_permute
771e9bdca91e4436d6988162931bf181c8816e81,gavinsimpson_permute
775abf4bf0ac396e327ce2824132129851b1d7d9,gavinsimpson_permute
77b3900f0f925161fa60c705fc18c9139354ca15,gavinsimpson_permute
77d8b1d4993c06091b7f568c85540f63756afebd,gavinsimpson_permute
7826b828efcce940d72a086af8aa0c43bf1f008a,gavinsimpson_permute
78532ecc7c910fcca274be47f1ebf0e0f417ea6c,gavinsimpson_permute
7855260f96bc192e96b1768a9d7e966f80230ee5,gavinsimpson_permute
78ba4f65661c63baee55e49c3c8c50b693fdb7dd,gavinsimpson_permute
7a24ef259e07e37e1e23fe67298cb02ad2f9e8e7,gavinsimpson_permute
7a6d61f15b8d0fd4e68c9a8c8a9cdc1243eccbaa,gavinsimpson_permute
7a74f6363b0d8fb67b3ec4b50d1166a5d3713ae6,gavinsimpson_permute
7af8ea75fa2e15b59563c63c2a6583375e4d133e,gavinsimpson_permute
7be081317989fa12b09b87e73470d41ce6405d54,gavinsimpson_permute
7c50c5c9e527762e983f22f9f9a83dcf7a1cf10a,gavinsimpson_permute
7d13b6567c1e5e76fc58942978ae508e77167606,gavinsimpson_permute
7d41a80ee298c374115258fe14aba1463dc55446,gavinsimpson_permute
7d71bc37f78c75778f2249f5e300073ab06583dd,gavinsimpson_permute
7e729de8ee99dfdf486a3034ebaea1155dfd6b6f,gavinsimpson_permute
7e757d6830dab19314777f2e3328c47de595c0f6,gavinsimpson_permute
7ecc559cc0f075707d9c721d4c3ff7e2083369e0,gavinsimpson_permute
7ee16a9e9f4c55fbf07c431c67950ea4aac52c2c,gavinsimpson_permute
7ee5afc2eb0ce1ff55eb40988ea49a0222be7205,gavinsimpson_permute
7fb4338cd4362731c884c9689bc315d78f011b68,gavinsimpson_permute
8128b42aca214633382043c8fe14d1290c472e66,gavinsimpson_permute
81740ca52d226fcc743995880b9c2ec94d063bc4,gavinsimpson_permute
81eb79c4024962bdda53591e288591fb262c099b,gavinsimpson_permute
82b9c7b8884b64662598025cdb31a1b42ff95fc0,gavinsimpson_permute
83f906724799ff38fd733f6cfe8eb96b0361f781,gavinsimpson_permute
84436ba81e68023994b849e6e7b5cf770c72c5b6,gavinsimpson_permute
846bd11c258bbfea52f46fc560f2a0e322c3b99b,gavinsimpson_permute
84ea30df3711be74bd14ad779b40f9197e20d57c,gavinsimpson_permute
8681805c95ac886fdda63d7c56b357e09a0e37a2,gavinsimpson_permute
87299b344a2a31e795149a6ea6beb2df99a6db2a,gavinsimpson_permute
8798b34904382f3e3db7fefa117ec202beb5e528,gavinsimpson_permute
88945e30a71fb696b1b6b45ffce89154518e3ae0,gavinsimpson_permute
88d1e62198d71b63ebf199d50b0db97328d2ba05,gavinsimpson_permute
890aa7fa3e528abdd1a2194b5d879351c62b9fdd,gavinsimpson_permute
8a279612a4826047dec2bd4328296d74c30a7ea8,gavinsimpson_permute
8a42e3b6db31b8e296004432818dc7d661f510d6,gavinsimpson_permute
8ac3f7523db30575130d803027ed052c12ae361e,gavinsimpson_permute
8b9cbe2f89c953b7eea807eecc2bfb8e618b05b1,gavinsimpson_permute
8c88048f26c40f0ea4107d68bd2a83f721cc6371,gavinsimpson_permute
8ce03591f75bffa897295c9f4c68f5edcf670445,gavinsimpson_permute
8d3de3a2e52da893342e04aa625fe808a7e9cf87,gavinsimpson_permute
8dda115e1e86a923478938d1327a188d71f800d8,gavinsimpson_permute
8e49899c9adb56ca28ec5fe8c35d69b081f80c36,gavinsimpson_permute
8eaa01364e4632e18fcded1a0e72bf99b97d2fff,gavinsimpson_permute
8f7006c9d26b4b50be252111ed1a3e7e4448f7f3,gavinsimpson_permute
901f26f25b09198e1bace19b9e1e940b5112d705,gavinsimpson_permute
90c86e14c24af36c9bcb8680411d922b00ce5435,gavinsimpson_permute
90cbfb264e12d2e46c8b85cdec5a4d6068fd864f,gavinsimpson_permute
90cf393881e9f291e43a9171a49ce9f0f5d6e074,gavinsimpson_permute
90eb930ddf43341c77ecb843c4a9c1f57a9583a3,gavinsimpson_permute
921f1d73be0050f39e0ddeb747f789e18ec28637,gavinsimpson_permute
9261afb734c2e927460e70c1001481a8a07c25d3,gavinsimpson_permute
92a30fe2c4fd9d2bf8ecc298616847ee7a6ca80c,gavinsimpson_permute
92ee9393b33cd3856b5799fc54cb3222594bc5f5,gavinsimpson_permute
9340c1fb760737f3e9038907c334284448b5e3f3,gavinsimpson_permute
936aa4401dc84fce830278508af6d2a4eb9e9060,gavinsimpson_permute
9431329dbb167bcd0c40154dfa08f476a7774567,gavinsimpson_permute
94410f3b90991af786ae62330c5f4b18bf5102fd,gavinsimpson_permute
957a97a7eb8f03f6f405fdf37ca8780901a387e9,gavinsimpson_permute
961b075753f7101b6729fb8a3167465a50f3c8a7,gavinsimpson_permute
9630ed4f5ad59c1b339858e64d1475440a91bebd,gavinsimpson_permute
986d24c4d82aa957c0a84644909f1caab9f2940b,gavinsimpson_permute
98e179cf542ec9ea1d963edef377686906b61886,gavinsimpson_permute
991cbaef9483acef7a18b64992a82a6c84c2fcbb,gavinsimpson_permute
9a0f6189af38dca3343e0abe35db51a55b2a6eff,gavinsimpson_permute
9b2e31fea3db5f76a8e6e21bc3a153aba2b5966b,gavinsimpson_permute
9b7a79f794ecd3a54bd41ad6d0cedacba6123eb6,gavinsimpson_permute
9bcf8f424dd05d80f0e4119e612a12842f49ee77,gavinsimpson_permute
9c47f4d6c80a84f2ba67b018deb3cc82a16699bb,gavinsimpson_permute
9f3ca4fea7bd3e84ed2540c4c496d9ab73b3ffba,gavinsimpson_permute
9f61bca3dbcf133e4e2a1d3c5e28a3a0c4731ae3,gavinsimpson_permute
9f9c3c1b0281c69783e45459b37dda2d7ea24956,gavinsimpson_permute
9fce2a7eafc834f516c06484c084edc1542951c8,gavinsimpson_permute
a0769c9b53984e506aaf35630d94871f6dd023cc,gavinsimpson_permute
a088750392ed4d4a07e51b5a0298e5d149f0f651,gavinsimpson_permute
a1d3c2bb5fdae310ebc1f9e48a3bd59a29241f35,gavinsimpson_permute
a27ea08ac3640185e0946af6dd5a4dcda7573d0a,gavinsimpson_permute
a280cfc2fb4be1230dbbff69169982b9149e1bce,gavinsimpson_permute
a2aef2af8fb7d2944711fe0ff9d18ddbd079f0c4,gavinsimpson_permute
a2f05ea8e32f1cc128c50bc846b39680d542e4d8,gavinsimpson_permute
a4ef1e92ceb92590f23041b9b2324cdebdf204e0,gavinsimpson_permute
a4ef9b4d6e348d471e24b4a70d310dfffc7a5e6e,gavinsimpson_permute
a52e8bbd31fd10acdffdb3099287ec5ee68b124f,gavinsimpson_permute
a55f922b763af56d593a94a1a25599ba4b3f1a70,gavinsimpson_permute
a64b9066125ba95124f87f39c8a1884a28bd0fca,gavinsimpson_permute
a6c905dd4da5a9440d2dde6fe3204c394c7dccb9,gavinsimpson_permute
a70f36cea6c5932926b748f4b98a5c17ccb61f63,gavinsimpson_permute
a7476d048128b7ab0768b9a72c01cbd802aa347f,gavinsimpson_permute
a77a036854f8a63a145804a16b7dacc2118d9791,gavinsimpson_permute
a82efd74f196a48b1cf250cedbc379a7f351334c,gavinsimpson_permute
a889bd19df54b4f757eb5689fd0512733aeacc87,gavinsimpson_permute
a8ad4fb82d1e99d02883f21e9373825fd69aaf5e,gavinsimpson_permute
a94260f84f97fac552e2be1f88e71397056b8dc5,gavinsimpson_permute
aa29b83161e6349c62f1dd24f8dc6520a63d1d12,gavinsimpson_permute
aa5bf0ad60e59afff65d88da5d731595b3063ce0,gavinsimpson_permute
aafd2c00510a8ddc62e5a9f86d2ca4c0c0c1e8b4,gavinsimpson_permute
ab945361f905d8ab21d4a3bf1eac516dfebfcbca,gavinsimpson_permute
ac258ffee9a19e8870fed588cdbd5c5934c21e22,gavinsimpson_permute
ac866de84bf1d4c149ea5080f63d9a872e3e0ed3,gavinsimpson_permute
addcd1ada852842075d6a8084d2cbcd07690c55e,gavinsimpson_permute
aec90e4f3aa5769c27c28cf80d0731e7c295c345,gavinsimpson_permute
af0ea2b30411eea83b3db8b3f6c7d4f4e5c59801,gavinsimpson_permute
afc2e7f2616def735061a3f28ad461d9c2d6e9c9,gavinsimpson_permute
afc5b70cd5afd6eb2ff1a7f5a471457f213dc16d,gavinsimpson_permute
b06e74678822d1ab8f9a9ea3bd9efa85b0235c0c,gavinsimpson_permute
b0717cd4ca6b686dc84129e7ec3c907fac51f8c2,gavinsimpson_permute
b0786b537f80ed1e0defeb7fc64f4e120bebbcb9,gavinsimpson_permute
b0bed3cbb6517a1ee13f6fb357ba9e6db385f69b,gavinsimpson_permute
b10d744c54013454b5995e84e17a84a36dba1fa3,gavinsimpson_permute
b172002bdc1540ada183dc0a7882fd24a83b8243,gavinsimpson_permute
b1d846e251e4eccc4d8f27b7527ca188b1de4f21,gavinsimpson_permute
b24c88b64345108ebb28be93e1c4987186e5a03f,gavinsimpson_permute
b24f2fb1777e84012abb2078b2c3f56489a9c4c0,gavinsimpson_permute
b29e8bf889d542f9b187bc6eaf04ba0beea96f15,gavinsimpson_permute
b345d37ebcfe5bdbe8e7c3038456c0716fa172e2,gavinsimpson_permute
b3f56151f054b772f6e024529b6061c9fbd007cb,gavinsimpson_permute
b3f6aa2eec1b4d4753ab9761def585c58fd136d7,gavinsimpson_permute
b3fbc005be447da20b7b0244358a5a1caacd87b2,gavinsimpson_permute
b47a66e4545ad96e5493f034f7f47863505d1ac2,gavinsimpson_permute
b4e55ba81d457de6b65aeecbbcab540595964486,gavinsimpson_permute
b5254f3da253bfd20a9039e495778f63360f93d1,gavinsimpson_permute
b5491d447cb01e9046d4b3b6b9646b60fbbc8fa2,gavinsimpson_permute
b5a1c54a60a6cc8176d7f4ba865b252b32836ad0,gavinsimpson_permute
b5b1e4f81596179a89c52ba21b5fc0757f443923,gavinsimpson_permute
b5e52368f296ffbcc25eff5debf6ed124a5b91e0,gavinsimpson_permute
b61f94e8f4027e120b373dedb9c5befdd0f2cc18,gavinsimpson_permute
b712653d89e45ab309a99cc046d15a786c379c80,gavinsimpson_permute
b7d8057f9eb038906ee7c43ee051a1fc4cc9e23d,gavinsimpson_permute
b7e2dac66a507293394c80e361c17aed20f714a2,gavinsimpson_permute
b8748e8a8d744b35a8b30dd9b79b22dfa832d41f,gavinsimpson_permute
b940f38356c838f0599519aa61dd4fb8f16b29e6,gavinsimpson_permute
b9592aebf05e2753cbf8ba1b78ee9ef3a33e8344,gavinsimpson_permute
b9cf1c7930c9e41397456033842a9deead743d56,gavinsimpson_permute
bba50971de6afcbcdc1d0a11009a75018ea47d55,gavinsimpson_permute
bc5760666d47205bae06d907f57a9cb02e7ecaaf,gavinsimpson_permute
bc7830960e98baf6fb71fe822f9cd5eaeff17ba9,gavinsimpson_permute
bc79d3cabe152f8d6fac9938270ecfbb5fb6450f,gavinsimpson_permute
bca6fe15c86e554ad408084cdc29480a53e34876,gavinsimpson_permute
bd03c30b2916b3bed4d5d26adbab422875ca6324,gavinsimpson_permute
bdb1abdf98aeabb78e3ca3b8a3f8f54a43fdd81c,gavinsimpson_permute
beacacf6dff6c92f2f297de14b63ecc3b403218d,gavinsimpson_permute
beb47f882cd69e0aaa98db55a4eb2cfc5053e4d6,gavinsimpson_permute
bef8e224d7b01b7ad83991889680fed4eebad26c,gavinsimpson_permute
bf6df8f3952c161c55090b9ae9e55373a83c0beb,gavinsimpson_permute
bfb6d5ddc2703cdb157ed17571d9acb7471121c2,gavinsimpson_permute
c01c10c5a7ec12070702962941bff8116294e418,gavinsimpson_permute
c03b40b340309d64137e98618c1ee3c3b002f91a,gavinsimpson_permute
c0418bfb7b86beef07bec1c4adcf5015fed20d90,gavinsimpson_permute
c069baf3e3eb8fd859eed3c7473bfc0abdf3f020,gavinsimpson_permute
c2a1421c9f8ac6b2e55155e3f9a4c752efe4086f,gavinsimpson_permute
c2c98c019f9b373e8206946de83581c9f5c33cb7,gavinsimpson_permute
c30c97b75e9620f40fd28946bbfa6974790ba466,gavinsimpson_permute
c3e53f5937fe7e50365ead101c5bb9b247eda475,gavinsimpson_permute
c41dabea7081e7165e88626e03fa066e2b1b016a,gavinsimpson_permute
c467126f94843b09c8c595a63624280590a3f236,gavinsimpson_permute
c4d27e82dacf4b8b16c5efaac3697cd35f64fd70,gavinsimpson_permute
c56a7d4c161e1396ebd714cd5dba081a24ce0543,gavinsimpson_permute
c6df4ef1ab91e476c920191c890e7ec8fb705c1d,gavinsimpson_permute
c8b615f01c47f184c57de9a0795f24d3bedc2e71,gavinsimpson_permute
ca25a1f99fd7ad14e16fa36a28871813d9ac5b43,gavinsimpson_permute
ca415af9a13b3993d3e96ecf1c5536d628a3406e,gavinsimpson_permute
ca6de66d98a85a5aaabc9902a5e2c1049073f098,gavinsimpson_permute
ca9966805120da9bcc6d827e8c6b176954d70a21,gavinsimpson_permute
cb183f765b6a30c93fba5d8cfd6bb361f032bde6,gavinsimpson_permute
cb2030b0495b056a49d2916478fdec73b59998c3,gavinsimpson_permute
cc658d641547bd902e26c9f1585827b49ba66c0d,gavinsimpson_permute
ccf61b38c09fed2c21a11292a71fe7518b252e4c,gavinsimpson_permute
cd6764816b6358d45bd82617b1adb69e25737b3b,gavinsimpson_permute
cd7ab3ae3fe14a8bc441beb5109a9b63a5f37193,gavinsimpson_permute
ce4e935d3ed42766baddacd1ba08549c039469c5,gavinsimpson_permute
cf539df83a68bc6ead359d97a5b19b5cc375a30e,gavinsimpson_permute
cf74e1b1e86e791409861cced7bb8e8f37b45541,gavinsimpson_permute
cf8acc35424daff07fbf20aed7971d1a832b29ab,gavinsimpson_permute
cfb4ad5c26f2fb06b3acdf39db9df2eac49384bf,gavinsimpson_permute
d0099f4da5a971e5bddf76a38b00875af3f5a32e,gavinsimpson_permute
d00eb994e58a52838c803cc405d4bd9472d49b9b,gavinsimpson_permute
d04417a0927e9cd2017a3b10ac7b0ce8c75a12ac,gavinsimpson_permute
d101c959e4a09ebdfe778e84f1ecce4d42e83001,gavinsimpson_permute
d1e6f16058f7b1f1e726ad349ab69e58d3d3d6bc,gavinsimpson_permute
d200ba8fe5ac0f1a1f11db438c57b02f6c79aeba,gavinsimpson_permute
d234e64af08e41a44db29c032adaf9ba32f2afed,gavinsimpson_permute
d2cee1566117b91095e1221a3b0b607dc3a94231,gavinsimpson_permute
d34bea4345295337058d46f5e704250bdb7ece45,gavinsimpson_permute
d5345a093651a77d60e550fdd7a697dc8f0a6d55,gavinsimpson_permute
d5dc5497404e71053470cc2dacd7b63539fb1d0d,gavinsimpson_permute
d61dce4c4afdce7977fd0a79f3fb525be42c89d9,gavinsimpson_permute
d64a44b2e64f18e15c4953fa50f1f5b8db321725,gavinsimpson_permute
d81a5e2c046b96175f9b60864f58f58ccfeaa746,gavinsimpson_permute
d9095045e69a692008c1327ac582537cb14624df,gavinsimpson_permute
d928bc28db58510c05a666a4535ba91f24a9f58b,gavinsimpson_permute
d9e68d1f0535d709520093f7c6b349c3fb6002dd,gavinsimpson_permute
da8a594bd8412358a3e806d74d44dda7c15989c3,gavinsimpson_permute
dae76674396edc051f018290176a5058bf54873e,gavinsimpson_permute
dd5ce754d1f5ce9f17117951eb876a2121bd74ad,gavinsimpson_permute
ddd58d5fb9cf43a6114886c2f2925aaca47c9d5d,gavinsimpson_permute
dddc2b9168e0e299e41a4e9fb8eb4b1bc59b34b0,gavinsimpson_permute
de0f2cb4851c9d5024714f0edb35900e0546ea72,gavinsimpson_permute
de2e236e9042ab9615eededa16fe2566932951ea,gavinsimpson_permute
de58823a2ff5df6f53536828e6827b575ac31be3,gavinsimpson_permute
de82505a935c17b383e7d7db2127d21b1d283ee8,gavinsimpson_permute
dec8c2e62266ca56954608ffa1e369adb42d56b8,gavinsimpson_permute
dee867a4be8f112214211a40fbc7c2ad3d1347a5,gavinsimpson_permute
df06c52e7dbfe366ca1cb87512fafaab7c4c1fb9,gavinsimpson_permute
df49107eca365fb56782d94707ad62d243a69d11,gavinsimpson_permute
df74e408eb7266ac7510c46e85c1ea92f9b7b6b3,gavinsimpson_permute
e03bb22c7428b9c330ebc3695e31396e9d00cd24,gavinsimpson_permute
e03dd1464f36c65b8ba94bb38a131d5ad5cac40d,gavinsimpson_permute
e0e71722b5c9ad9747216967da660ce6f8e80de9,gavinsimpson_permute
e10abc67ff1df804ca2f292cde2820fab99b55de,gavinsimpson_permute
e1fc0efdb411f2ec85e49c74eaa6757e6b1bc9bb,gavinsimpson_permute
e20bae2d367afdda390f7f78947e2638f066e2d6,gavinsimpson_permute
e2b232fe72b2e503cac46a81fe9e780806ed2d94,gavinsimpson_permute
e37e8482cedf6a602a736020920e6d37464c227d,gavinsimpson_permute
e389d7d5d2d63a80902c7dfd6a67d046965ffa83,gavinsimpson_permute
e4e5af9147725b0bc852f0f4d73caafa3f0188fd,gavinsimpson_permute
e5033a2532f7ab27f323006abafa61e6c3b11949,gavinsimpson_permute
e645a39c58a5df0cd69a9bed34d9b9fd6e3796cf,gavinsimpson_permute
e66219723d2e0c1dbae754bc9206ce9a5d7efbe3,gavinsimpson_permute
e6f181559b6f457ce64c1f2dffc269517d239191,gavinsimpson_permute
e72fda4619d23ff9a5219e7a1808a1ad4909ba4d,gavinsimpson_permute
e779aeaf848adbe075643553f875bbbd87f80d0b,gavinsimpson_permute
e7ae812a195eec5f2b93b4138b269a624c41e86c,gavinsimpson_permute
e835be5044a306fc1bc2a8c39d652d9531840606,gavinsimpson_permute
e99889ae9a1a186dfe549a011eff77a7ce7cb6a5,gavinsimpson_permute
ea054728dc3fea962538bded7c732d46d27aa457,gavinsimpson_permute
ea7a0d494167af25c01d6c247c08bfc9fe38f1a3,gavinsimpson_permute
ea870b116a6cfb63097e5646f35204b7895e2f78,gavinsimpson_permute
eac02e6c752e14f4c19abe493a8f8b9e225af9eb,gavinsimpson_permute
ebce550e751a35c2b6097d30b2d42890deae7e59,gavinsimpson_permute
ebceb918f1ef9a29a3197ab584068138206ac0d8,gavinsimpson_permute
ebdfad40ba0eb47dd2e1f91924ec2421c74296f8,gavinsimpson_permute
ec8194cb960bcf7990d7d489cbfef63d460385e8,gavinsimpson_permute
ecfe807a50d6fb93905a6811d72c17c7e7ce8e22,gavinsimpson_permute
ed92d361ce288ca77be64046e0bd0a5e5e2fdf63,gavinsimpson_permute
eda99187e26760fc9e226497695033934651b874,gavinsimpson_permute
ee813aa4ff21ae290188c0a5d76484def7f03b18,gavinsimpson_permute
eeb51f2679c89b693a3478d54e6132efc587a37d,gavinsimpson_permute
ef24cd4d0145e857e36dfa39b479a45665092101,gavinsimpson_permute
efa2fbc581bbe395adf8773f1f2aa44c62b17437,gavinsimpson_permute
effb58d8f4a58b99a00fdf54a94f51607519a1d4,gavinsimpson_permute
f030531afb0e93829363e5ffe86f2ae169467652,gavinsimpson_permute
f08351a2854220adf61412b4175905fc076749a7,gavinsimpson_permute
f0a7249765b6ae57e04779855574bb0b7f5cc37d,gavinsimpson_permute
f17d5e1bc4699463fb6536401db3c82727ea614e,gavinsimpson_permute
f1ba39898f624d93b82ff8bb941b55450d9c0c24,gavinsimpson_permute
f1e10e447ecf78f74012abc9a5b756dd28738087,gavinsimpson_permute
f1f676b7c32e3e2f2021ec840ecc0e7c92fe0fac,gavinsimpson_permute
f27091d329cfda08a2a4ac3a3ade85cb38a136e2,gavinsimpson_permute
f2d346a898bc4862f503188c2afcb0f37981e08d,gavinsimpson_permute
f39c3fa113fbfb0bdbbef5d1d9befd51b975aae5,gavinsimpson_permute
f4232b8d851aeeab4f24b7f109e6be3cc4386d4d,gavinsimpson_permute
f42822cee8d5ed03e630baa1dcceba94584ef4d1,gavinsimpson_permute
f464e7269359afcdec369d3122b79a812153c654,gavinsimpson_permute
f57e76047624a955780fe4418dc292a7c382d690,gavinsimpson_permute
f6cfa4f99739fc99572799d10e82a0c3aaa75343,gavinsimpson_permute
f71038858deda43f1303cda54c9a1d1219b74bb8,gavinsimpson_permute
f74f4cd23092157add2ff93b55cab4bee88094c9,gavinsimpson_permute
f753944aba338520a2f7af17fda47696b98dc5b0,gavinsimpson_permute
f75471b3d816e829208630f0b568ce64203dd4ac,gavinsimpson_permute
f78473d8df11a44cad88939ae94bb1342c109f38,gavinsimpson_permute
f84db7a08d99b35b25e77b110025fce0c25b54b4,gavinsimpson_permute
f854782efc152c2dca26f8d9e471267647448448,gavinsimpson_permute
f8c153929d674e5995fe02ea0947988920d40eb0,gavinsimpson_permute
f92e87baf5388b9e6b09a7087b84b5bbaec8fb6a,gavinsimpson_permute
f992a7a5b1cb5c82e68d7d81d482964b58a3ea46,gavinsimpson_permute
f9d3f437f4151b8a3f64d18a717955fccf74b630,gavinsimpson_permute
fa5d677f3ea6fd826720d8df8d97c86fbd52e43b,gavinsimpson_permute
fabd36a144ea322df603bd3ce6759f97737d74da,gavinsimpson_permute
fb5920ba105095381154e41fd752abb7e6b39516,gavinsimpson_permute
fd21397bf1c0211beb0ea77ee85639e22c5147b3,gavinsimpson_permute
fdabed9e42022e80c01bdc775bca90fe11f42fbf,gavinsimpson_permute
fdfef133e5a0d5d58e60ac0edc546538f16c6082,gavinsimpson_permute
fe51065de6a45ce2b2f688e677fba14bff39dd32,gavinsimpson_permute
fe8fc357c9a77631cb6063c7dad429faa338588e,gavinsimpson_permute
ff6fa51db68f5c5c97b7a8731b1c71f1c1042403,gavinsimpson_permute
ffe2c20735de6b14d98de6d172e510047719ae34,gavinsimpson_permute
ffe968122ff08898916396321778620a8906fa3b,gavinsimpson_permute
