Project,ncommits,nauthors,from,to,nstars,nforks,lastGHCommitDate,LongestGapStart,LongestGapEnd,LongestGapLength,NumCommitsAfterLastGap,ActivityPattern,NumberOfGapsInTimeline,BeforeThemes,AfterThemes,HypothesizedGapReason,HasRecovered,WhyRecovered,WhoRecovered,RecentThemes,Notes,Currentstatus
gavinsimpson_permute,552,6,2010-01-04,2026-02-05,24,5,2026-09-05,2019-04,2021-10,31,64,Declining,14,Bug fixes:Dependency updates,Bug fixes:Documentation updates,"Solo-maintained R package; pre-gap commits were entirely reactive fixes for an R 3.6.0 RNG internals change, suggesting the maintainer paused once that issue was resolved and no new work was pending.",Partially,"Same maintainer returned to address a specific bug report (#28) and do periodic CRAN-compliance maintenance (GH Actions, vignette format).",Same person (Gavin Simpson) throughout,Documentation updates:Release,"Declining, solo-maintained R package. The 31-month gap was easy to interpret -- commits before it were reactive fixes for an R internals change, and commits after addressed a specific bug report and CRAN maintenance tasks. Same single author throughout; no new contributors.",Active
openclimatefix_satip,2104,49,2020-11-02,2025-10-06,44,34,2025-08-27,2021-07,2021-08,2,1813,Irregular,0,Documentation updates:Feature development,Bug fixes:Other,N/A active Project,N/A,N/A,N/A,Automated bot contributions:Release,N/A -- no inactivity gap >=3 months exists; Satip stayed continuously active. Bot-driven commits (pre-commit.ci) likely smooth over what would otherwise look like dead months. Contributor base narrowed over time but didn't disappear.,Active
juliaopt_convex.jl,2851,113,2014-02-21,2025-07-15,597,123,2026-08-19,2023-03,2023-06,4,973,Irregular,2,Feature development:Release,Other:Bug fixes,Pre-gap commits show normal routine maintenance with no sign of distress; the gap itself has no obvious trigger visible in the data.,"Yes, briefly",A new contributor (Eric Hanson) took over and drove an intense refactor/simplification effort right after the gap.,New contributor -- none of the pre-gap authors appear post-gap,Documentation updates:Other,"Irregular pattern; 4-month gap followed by a short, intense refactor burst led entirely by a new contributor (Eric Hanson), not the original authors. Appears to be a maintainer handoff rather than a genuine organic revival -- activity dropped again shortly after.",Active
eljost_pysisyphus,7172,38,2017-07-05,2025-10-29,134,49,2025-10-29,2017-10,2017-10,1,6986,Irregular,0,Feature development:Other,Feature development:Bug fixes,N/A active Project,N/A,N/A,N/A,Other:Bug fixes,N/A -- no inactivity gap >=3 months; continuously high-volume activity from a single primary author (Johannes Steinmetzer) for most of its history. A recent (late 2025) slowdown is visible but too short to count as a formal gap yet.,Active
simonvh_genomepy,1601,18,2016-12-16,2025-09-30,411,41,2026-06-09,2023-12,2024-08,9,49,Declining,5,Bug fixes:Release,Bug fixes:Dependency updates,Pre-gap commits are routine release/deployment maintenance with no sign of distress.,Partially,A broken MySQL dependency forced a reactive fix -- a classic external-trigger recovery rather than organic new development.,"Mostly same person (siebrenf), joined by one new contributor (Maarten-vd-Sande)",Release:Other,"Declining. The 9-month gap ended with a reactive dependency fix (broken MySQL connection), not new feature work. Same core maintainer returned, joined by one additional contributor. Now in low-volume maintenance mode.",Active
brentp_cyvcf2,753,61,2015-08-12,2025-10-13,449,80,2026-09-10,2024-10,2025-08,11,18,Irregular,3,Dependency updates:Feature development,Dependency updates:Bug fixes,No clear distress signal pre-gap; this project has always been sparse (3 separate 3+ month gaps historically).,Yes,"A new Python release (3.13/3.14) required CI compatibility updates -- a reactive, ecosystem-driven trigger.","Same core maintainer (Brent Pedersen), joined by one new contributor (Ben Jeffery)",Dependency updates:Release,"Irregular, historically sparse. Most recent 11-month gap ended when a new Python release (3.13/3.14) forced compatibility updates. Core maintainer (Brent Pedersen) still present, joined by one new contributor for the CI work.",Active
dicarlolab-delft_pycqed_py3,8771,190,2016-01-04,2025-09-25,74,46,2025-07-31,2024-12,2025-01,2,27,Declining,0,Feature development:Bug fixes,Dependency updates:Feature development,N/A active Project,N/A,N/A,N/A,Other:Dependency updates,"N/A -- no inactivity gap >=3 months despite an overall declining trend. Commit messages are largely uninformative (many blank/unlabeled merges), making fine-grained interpretation difficult. Same author present throughout the analyzed window.",Active
benchmarking-initiative_benchmark-models-petab,722,56,2020-02-26,2025-11-01,35,20,2026-09-19,2020-07,2020-09,3,585,Cyclical,1,Feature development:Bug fixes,Feature development:Other,"The one recorded gap sits at the very start of the project's real activity, before 81% of all commits happened -- reads as an early startup lull, not abandonment.",Yes,"The project found its steady community-contribution rhythm shortly after, with people periodically joining to add their own models.","Mix -- some continuity (dilpath) plus several new contributors (vanako, PaulJonasJost, IvaEwert)",Feature development:Other,"Cyclical, consistently community-driven. The one 3-month gap happened early, before the project's real growth, and reads as a startup lull. New contributors join regularly to add their own models, alongside some persistent core contributors.",Active
gsdlab_clafer,2089,29,2011-01-21,2025-02-18,49,15,2026-07-15,2019-06,2023-07,50,20,Declining,7,Dependency updates:Release,Dependency updates:Other,"Original small team (Klaas Gadeyne, Michal Antkiewicz, toeklk) appears to have dispersed after 2015's activity tapered off.",Barely,"Needed to keep the project buildable on a newer Haskell/GHC toolchain -- purely reactive maintenance, not new development.","Same lead researcher (Michal Antkiewicz) returned alone, under a new institutional email, without the rest of the original team",Other:Dependency updates,"Sharpest decline studied -- 50-month gap, the longest of all 10 projects, with only ~1% of commits occurring afterward. Same lead researcher (Michal Antkiewicz) returned alone, without the rest of the original team, purely to do toolchain-compatibility maintenance.",Active
acellera_htmd,5610,51,2015-09-26,2025-06-19,276,60,2026-09-23,2023-07,2023-09,3,181,Declining,1,Bug fixes:Feature development,Bug fixes:Dependency updates,"No dramatic change in work type around the gap -- both sides show routine bug-fix/parameterization maintenance, suggesting a normal short lull rather than a crisis.",Yes,"Continued routine maintenance work (atom typing, deprecation fixes) resumed with no major disruption visible.","Same core maintainer (Stefan Doerr), joined by one new contributor (Adria Perez)",Bug fixes:Dependency updates,"Declining from an intense 2016-2019 peak into steady low-volume maintenance. The one 3-month gap was a normal lull -- both sides show routine maintenance work, no major disruption. Core maintainer present throughout, joined by one new contributor.",Active
