Month;#Commits
2020-11;76
2020-12;108
2021-01;64
2021-02;4
2021-03;37
2021-04;1
2021-05;0
2021-06;1
2021-07;0
2021-08;0
2021-09;3
2021-10;96
2021-11;62
2021-12;43
2022-01;169
2022-02;137
2022-03;105
2022-04;43
2022-05;80
2022-06;54
2022-07;47
2022-08;2
2022-09;4
2022-10;1
2022-11;29
2022-12;107
2023-01;23
2023-02;10
2023-03;121
2023-04;9
2023-05;2
2023-06;1
2023-07;10
2023-08;14
2023-09;1
2023-10;4
2023-11;24
2023-12;61
2024-01;35
2024-02;4
2024-03;95
2024-04;60
2024-05;115
2024-06;6
2024-07;3
2024-08;20
2024-09;50
2024-10;9
2024-11;30
2024-12;30
2025-01;25
2025-02;39
2025-03;22
2025-04;0
2025-05;1
2025-06;0
2025-07;0
2025-08;4
2025-09;0
2025-10;3
